{
  "Category" : {
    "01" : {
      "image" : "https://firebasestorage.googleapis.com/v0/b/focusstationery-3e3f9.appspot.com/o/images%2F9f547273-842f-43e5-a0cb-00d5fadb1360?alt=media&token=2bdad821-d65a-442a-af6e-03f30ff505c8",
      "name" : "Buku Tulis"
    },
    "02" : {
      "image" : "https://purepng.com/public/uploads/large/purepng.com-color-pencilspencilnarrowsolid-pigment-corecharcoal-pencilscolorblackredyellowgreenpaint-1421526585496hwgqd.png",
      "name" : "Pensil"
    },
    "03" : {
      "image" : "https://purepng.com/public/uploads/large/purepng.com-erasereraserstationeryremovingwritingrubberyshapescolourspencil-eraser-1421526504805itlbu.png",
      "name" : "Penghapus"
    },
    "04" : {
      "image" : "http://pngimg.com/uploads/pen/pen_PNG7413.png",
      "name" : "Pulpen"
    },
    "05" : {
      "image" : "https://pngimage.net/wp-content/uploads/2018/06/penggaris-png-2.png",
      "name" : "Penggaris"
    },
    "06" : {
      "image" : "https://firebasestorage.googleapis.com/v0/b/focusstationery-3e3f9.appspot.com/o/images%2F3a12bd76-9369-46e7-b8e2-7e49223276a8?alt=media&token=ceb960a8-2ad2-4ee5-8554-ba79ddadc165",
      "name" : "Tip-ex"
    }
  },
  "Stationery" : {
    "02" : {
      "description" : "Buku Kiky adalah salah satu merk buku yang dijual di toko kami.",
      "discount" : "0",
      "image" : "https://firebasestorage.googleapis.com/v0/b/focusstationery-3e3f9.appspot.com/o/images%2Fabcb7bab-0179-432a-ac6e-6e2d8b39f3c4?alt=media&token=cd593d5a-7b3a-4fda-b5e9-be8923f49f2b",
      "menuId" : "01",
      "name" : "Kiky",
      "price" : "2000"
    },
    "03" : {
      "description" : "Buku Big Boss adalah salah satu merk buku yang dijual di toko kami.",
      "discount" : "0",
      "image" : "https://firebasestorage.googleapis.com/v0/b/focusstationery-3e3f9.appspot.com/o/images%2Fccc10431-2542-4d16-9dd6-8b4123240715?alt=media&token=f0cc9070-688a-469d-a4d1-be414b9e5afa",
      "menuId" : "01",
      "name" : "Big Boss",
      "price" : "3000"
    },
    "04" : {
      "description" : "Pensil Faber-Castell adalah salah satu merk pensil yang dijual di toko kami.",
      "discount" : "0",
      "image" : "https://ae01.alicdn.com/kf/HTB1Cmd4JVXXXXbvXFXXq6xXFXXXE/Faber-castell-9000-pencil-sketch-professional-pencil-16-pcs-set-16-different-hardness-write-sketch-drawing.jpg",
      "menuId" : "02",
      "name" : "Faber-Castell",
      "price" : "2500"
    },
    "05" : {
      "description" : "Pensil Staedler adalah salah satu merk buku yang dijual di toko kami.",
      "discount" : "0",
      "image" : "https://ae01.alicdn.com/kf/HTB1KqaSKFXXXXcnXFXXq6xXFXXX9/Biru-Barel-Staedtler-Mars-Lumograph-Menggambar-Sketsa-Pensil-F-HB-H-2-H-3-H-4.jpg",
      "menuId" : "02",
      "name" : "Staedtler",
      "price" : "3000"
    },
    "06" : {
      "description" : "Pensil Tombow adalah salah satu merk buku yang dijual di toko kami.",
      "discount" : "0",
      "image" : "https://static2.jetpens.com/images/a/000/059/59085.jpg?ba=middle%2Ccenter&balph=3&blend64=aHR0cDovL3d3dy5qZXRwZW5zLmNvbS9pbWFnZXMvYXNzZXRzL3dhdGVybWFyazIucG5n&bm=difference&bs=inherit&mark64=aHR0cDovL3d3dy5qZXRwZW5zLmNvbS9pbWFnZXMvYXNzZXRzL3dhdGVybWFyazEucG5n&markalign=top%2Cright&markalpha=30&markscale=16&q=90&s=87b024ce6b6d67a146b26a1c091f4856",
      "menuId" : "02",
      "name" : "Tombow",
      "price" : "2000"
    },
    "07" : {
      "description" : "Penghapus Maped adalah salah satu merk buku yang dijual di toko kami.",
      "discount" : "0",
      "image" : "https://ecs7.tokopedia.net/img/cache/700/product-1/2016/8/4/1542411/1542411_e61fb382-3f51-4c2b-aeb1-fcea1eaf08af.jpg",
      "menuId" : "03",
      "name" : "Maped",
      "price" : "2000"
    },
    "08" : {
      "description" : "Penghapus Staedler adalah salah satu merk buku yang dijual di toko kami.",
      "discount" : "0",
      "image" : "http://www.tokoasri.com/image-product/mimg8-1538466118.png",
      "menuId" : "03",
      "name" : "Staedtler",
      "price" : "2500"
    },
    "09" : {
      "description" : "Penghapus Faber-Castell adalah salah satu merk buku yang dijual di toko kami.",
      "discount" : "0",
      "image" : "https://ecs7.tokopedia.net/img/cache/700/product-1/2016/3/7/2494395/2494395_b9d2c5d5-b4a4-4192-9097-45d3ae8d106b.jpg",
      "menuId" : "03",
      "name" : "Faber-Castell",
      "price" : "3000"
    },
    "10" : {
      "description" : "Pulpen Standar adalah salah satu merk buku yang dijual di toko kami.",
      "discount" : "0",
      "image" : "https://s2.bukalapak.com/img/2073392961/w-1000/Pulpen_Standard_AE7_Warna_Hitam___1_Pack_Isi_12_Pcs.jpg",
      "menuId" : "04",
      "name" : "Standard",
      "price" : "1000"
    },
    "11" : {
      "description" : "Pulpen Pilot adalah salah satu merk buku yang dijual di toko kami.",
      "discount" : "0",
      "image" : "https://s2.bukalapak.com/img/2444763381/w-1000/PILOT_PEN_BP_1_RT___PULPEN_PILOT.jpg",
      "menuId" : "04",
      "name" : "Pilot",
      "price" : "2000"
    },
    "12" : {
      "description" : "Pulpen Joyko adalah salah satu merk buku yang dijual di toko kami.",
      "discount" : "0",
      "image" : "https://firebasestorage.googleapis.com/v0/b/focusstationery-3e3f9.appspot.com/o/images%2F7bd5ebcf-ba1e-4b39-ba03-0d8542b681f7?alt=media&token=c90e8c9f-6477-416d-a30d-f6ae9973e53f",
      "menuId" : "04",
      "name" : "Joyko",
      "price" : "1500"
    },
    "13" : {
      "description" : "Penggaris Maped adalah salah satu merk buku yang dijual di toko kami.",
      "discount" : "0",
      "image" : "https://ecs7.tokopedia.net/img/cache/700/product-1/2015/10/9/4386890/4386890_31c87297-3ecd-49bf-8557-553c6afd3741.jpg",
      "menuId" : "05",
      "name" : "Maped",
      "price" : "5000"
    },
    "14" : {
      "description" : "Penggaris Staedler adalah salah satu merk buku yang dijual di toko kami.",
      "discount" : "0",
      "image" : "https://ecs7.tokopedia.net/img/cache/700/product-1/2015/6/25/177826/177826_fbbf58c9-2fa9-4c83-916f-3fbc93976f0a.jpg",
      "menuId" : "05",
      "name" : "Staedtler",
      "price" : "3000"
    },
    "15" : {
      "description" : "Penggaris Faber-Castell adalah salah satu merk buku yang dijual di toko kami.",
      "discount" : "0",
      "image" : "https://ecs7.tokopedia.net/img/cache/700/product-1/2016/9/1/7404816/7404816_6fd924f2-af7e-4f50-8590-e70bda5b35c7.jpg",
      "menuId" : "05",
      "name" : "Faber-Castell",
      "price" : "3000"
    },
    "16" : {
      "description" : "Pensil Kenko adalah salah satu merk buku yang dijual di toko kami.",
      "discount" : "0",
      "image" : "https://s2.bukalapak.com/img/2592472481/w-1000/pensil_kenko_6161.jpg",
      "menuId" : "02",
      "name" : "Kenko",
      "price" : "2000"
    },
    "-LfhMa8kjGR_Ik2IxM-h" : {
      "description" : "Buku Sidu adalah salah satu merk buku yang dijual di toko kami.",
      "discount" : "0",
      "image" : "https://firebasestorage.googleapis.com/v0/b/focusstationery-3e3f9.appspot.com/o/images%2F94cf720a-d362-4d11-9457-12150ed3218c?alt=media&token=34b0eb24-3756-401a-96d6-41f70322d5a0",
      "menuId" : "01",
      "name" : "Sidu",
      "price" : "2500"
    },
    "-LfhMv7wi7aAuHeCuhq4" : {
      "description" : "Buku Maxi Campus adalah salah satu merk buku yang dijual di toko kami.",
      "discount" : "0",
      "image" : "https://firebasestorage.googleapis.com/v0/b/focusstationery-3e3f9.appspot.com/o/images%2F2b55fd27-2ed9-449f-aab6-8c94d5d58b31?alt=media&token=efa0087a-c112-46e0-9356-db9467f3f8f7",
      "menuId" : "01",
      "name" : "Maxi Campus",
      "price" : "5000"
    },
    "-LfhOL-Z4YeIl094I55h" : {
      "description" : "Buku Al Gold adalah salah satu merk buku yang dijual di toko kami.",
      "discount" : "0",
      "image" : "https://firebasestorage.googleapis.com/v0/b/focusstationery-3e3f9.appspot.com/o/images%2Fdc795e1d-bfa4-4231-9b52-df0b305e89ed?alt=media&token=91cf282c-99f8-4498-8e08-89abf4e32a90",
      "menuId" : "01",
      "name" : "Al Gold",
      "price" : "2500"
    },
    "-LfhOTtdwaoyKUkOcBrc" : {
      "description" : "Buku Hipi adalah salah satu merk buku yang dijual di toko kami.",
      "discount" : "0",
      "image" : "https://firebasestorage.googleapis.com/v0/b/focusstationery-3e3f9.appspot.com/o/images%2F92ccae48-c582-4c71-9ec4-372b4b6d6c12?alt=media&token=7bb868fe-7414-4ae8-a641-72a1b9faa374",
      "menuId" : "01",
      "name" : "Hipo",
      "price" : "2000"
    },
    "-LfhP5bzmoKeJd0x3nTg" : {
      "description" : "Buku Dodo adalah salah satu merk buku yang dijual di toko kami.",
      "discount" : "0",
      "image" : "https://firebasestorage.googleapis.com/v0/b/focusstationery-3e3f9.appspot.com/o/images%2Ff0fda29e-d9e1-462c-9d18-a1b122439b72?alt=media&token=3e06b260-54f2-457d-921d-a6665445c158",
      "menuId" : "01",
      "name" : "Dodo",
      "price" : "2000"
    },
    "-LfhQY6zmsFGMDRKT2Br" : {
      "description" : "Pensil Joyko adalah salah satu merk pensil yang dijual di toko kami.",
      "discount" : "0",
      "image" : "https://firebasestorage.googleapis.com/v0/b/focusstationery-3e3f9.appspot.com/o/images%2F92a60942-4174-41a6-9541-e2cf7c0d168c?alt=media&token=8ea772dd-d1f7-413d-88f7-8bf2e8218ea2",
      "menuId" : "02",
      "name" : "Joyko",
      "price" : "1500"
    },
    "-LfhQwg5vpoVDbHWdW38" : {
      "description" : "Pensil Derwent Graphic adalah salah satu merk buku yang dijual di toko kami.",
      "discount" : "0",
      "image" : "https://firebasestorage.googleapis.com/v0/b/focusstationery-3e3f9.appspot.com/o/images%2Ff3d0fc86-42e8-4797-9f6b-503758d863f3?alt=media&token=4e1d2646-a10e-4166-9830-5bd22c2f4dcc",
      "menuId" : "02",
      "name" : "Derwent Graphic",
      "price" : "4000"
    },
    "-LfhR3aLv5znMyg0NwkF" : {
      "description" : "Pensil Martol adalah salah satu merk buku yang dijual di toko kami.",
      "discount" : "0",
      "image" : "https://firebasestorage.googleapis.com/v0/b/focusstationery-3e3f9.appspot.com/o/images%2F86dd1b4a-fa11-41d4-9962-543a51910caf?alt=media&token=8fde8c33-3ade-4e42-9293-1e9a545b3391",
      "menuId" : "02",
      "name" : "Martol",
      "price" : "5000"
    },
    "-LfhRBs5_4y3k5NrWlJ7" : {
      "description" : "Pensil Artline adalah salah satu merk buku yang dijual di toko kami.",
      "discount" : "0",
      "image" : "https://firebasestorage.googleapis.com/v0/b/focusstationery-3e3f9.appspot.com/o/images%2F84d07d90-9f24-4d13-8f27-fa49289aa761?alt=media&token=a5d951df-2693-4818-aaa6-15dc51eabdeb",
      "menuId" : "02",
      "name" : "Artline",
      "price" : "3000"
    },
    "-LfhRfePCZzuucYPAH23" : {
      "description" : "Pensil Lyra adalah salah satu merk buku yang dijual di toko kami.",
      "discount" : "0",
      "image" : "https://firebasestorage.googleapis.com/v0/b/focusstationery-3e3f9.appspot.com/o/images%2F1fe3698f-5942-4728-acc0-c1d30551909b?alt=media&token=5733839d-f0c7-482d-9713-28dc8b21c488",
      "menuId" : "02",
      "name" : "Lyra",
      "price" : "3000"
    },
    "-LfhSl3y7PhDAuPJuOzl" : {
      "description" : "Penghapus Joyko adalah salah satu merk buku yang dijual di toko kami.",
      "discount" : "0",
      "image" : "https://firebasestorage.googleapis.com/v0/b/focusstationery-3e3f9.appspot.com/o/images%2Fb7d2e901-b0bf-4fa9-af05-cf19a41fac05?alt=media&token=21e436c1-0430-49cf-9874-18b759c13074",
      "menuId" : "03",
      "name" : "Joyko",
      "price" : "1500"
    },
    "-LfhStAF-DEI0F38Ty1J" : {
      "description" : "Penghapus Kenko adalah salah satu merk buku yang dijual di toko kami.",
      "discount" : "0",
      "image" : "https://firebasestorage.googleapis.com/v0/b/focusstationery-3e3f9.appspot.com/o/images%2F53960af5-d269-438f-9d91-7066fc072f71?alt=media&token=7029e1e4-930a-4c4c-8d0e-097f03f3e1a0",
      "menuId" : "03",
      "name" : "Kenko",
      "price" : "1000"
    },
    "-LfhUIw2DD93rJJeQPJu" : {
      "description" : "Pulpen Kenko adalah salah satu merk buku yang dijual di toko kami.",
      "discount" : "0",
      "image" : "https://firebasestorage.googleapis.com/v0/b/focusstationery-3e3f9.appspot.com/o/images%2Fe0e1093e-fe1f-48a0-92dd-c811940f7fc7?alt=media&token=18eefa2a-a0a3-47cb-92b9-416bb795152b",
      "menuId" : "04",
      "name" : "Kenko",
      "price" : "2500"
    },
    "-LfhUZxm8-0i0rZeJSSY" : {
      "description" : "Pulpen Snowman adalah salah satu merk buku yang dijual di toko kami.",
      "discount" : "0",
      "image" : "https://firebasestorage.googleapis.com/v0/b/focusstationery-3e3f9.appspot.com/o/images%2F412b131d-909e-4899-85b4-4cffba140d25?alt=media&token=40b3bbe7-222b-4e3b-97fd-1b6daccf2e8e",
      "menuId" : "04",
      "name" : "Snowman",
      "price" : "2000"
    },
    "-LfhUfaowlvniXhpeVeG" : {
      "description" : "Pulpen Sarasa adalah salah satu merk buku yang dijual di toko kami.",
      "discount" : "0",
      "image" : "https://firebasestorage.googleapis.com/v0/b/focusstationery-3e3f9.appspot.com/o/images%2F46cf12c7-6367-4478-af4e-25bb708d011d?alt=media&token=62e5ffbd-1586-475c-bd6c-bdcd7dedba26",
      "menuId" : "04",
      "name" : "Sarasa",
      "price" : "8000"
    },
    "-LfhVnUiI4hW2uxJYOqo" : {
      "description" : "Tipe-ex Joyko adalah salah satu merk buku yang dijual di toko kami.",
      "discount" : "0",
      "image" : "https://firebasestorage.googleapis.com/v0/b/focusstationery-3e3f9.appspot.com/o/images%2F8db4b34a-0589-4dcf-a30b-ebbce6f97315?alt=media&token=2ac08333-1efc-4b44-9038-8edcfdaebf7d",
      "menuId" : "06",
      "name" : "Joyko",
      "price" : "3000"
    },
    "-LfhVtn4WfK0fsdOZZs_" : {
      "description" : "Tipe-ex Kenko adalah salah satu merk buku yang dijual di toko kami.",
      "discount" : "0",
      "image" : "https://firebasestorage.googleapis.com/v0/b/focusstationery-3e3f9.appspot.com/o/images%2F6220aa1e-aa1f-43d5-8998-19cadbfa4060?alt=media&token=5b4b26b6-b089-4209-935f-1fa383f98392",
      "menuId" : "06",
      "name" : "Kenko",
      "price" : "2500"
    },
    "-LfhW-Auz9yiszn-T3IR" : {
      "description" : "Tipe-ex Pentel adalah salah satu merk buku yang dijual di toko kami.",
      "discount" : "0",
      "image" : "https://firebasestorage.googleapis.com/v0/b/focusstationery-3e3f9.appspot.com/o/images%2Fd2b263ec-edb0-4543-8ce3-2f75d3684504?alt=media&token=7273f973-4ec1-48a1-aed0-0ca2375ce5dd",
      "menuId" : "06",
      "name" : "Pentel",
      "price" : "3500"
    },
    "-LfhW5lKCxee30Blz8pt" : {
      "description" : "Tipe-ex Rapid adalah salah satu merk buku yang dijual di toko kami.",
      "discount" : "0",
      "image" : "https://firebasestorage.googleapis.com/v0/b/focusstationery-3e3f9.appspot.com/o/images%2F11d4e09b-2ba7-47ec-ada2-682b7d7c5d84?alt=media&token=12302ea2-b30e-409a-a26c-874cafd0be88",
      "menuId" : "06",
      "name" : "Rapid",
      "price" : "3000"
    }
  },
  "User" : {
    "000" : {
      "IsStaff" : "false",
      "name" : "haha",
      "password" : "haha"
    },
    "00000" : {
      "IsStaff" : "true",
      "name" : "admin",
      "password" : "admin"
    },
    "0000000000" : {
      "IsStaff" : "false",
      "name" : "lala",
      "password" : "lala"
    },
    "333" : {
      "IsStaff" : "false",
      "name" : "mama",
      "password" : "mama"
    },
    "8888" : {
      "IsStaff" : "false",
      "name" : "cobatrue",
      "password" : "hihi"
    },
    "123456" : {
      "IsStaff" : "false",
      "name" : "haha",
      "password" : "haha"
    },
    "0123456789" : {
      "IsStaff" : "false",
      "Password" : "admin",
      "name" : "Admin"
    },
    "08123456789" : {
      "IsStaff" : "false",
      "name" : "Haha",
      "password" : "haha"
    },
    "081987654321" : {
      "IsStaff" : "false",
      "name" : "Jessica",
      "password" : "jessica"
    },
    "085715284578" : {
      "name" : "septa",
      "password" : "haha"
    },
    "3333333333" : {
      "IsStaff" : "false",
      "name" : "kiki",
      "password" : "kiki"
    }
  }
}
